﻿<?xml version="1.0" encoding="utf-8" standalone="yes"?>
<?xml-stylesheet href='stenw.css' title='STENW' type='text/css'?>
<!--Comment: This is Project 1-->
<Information>
  <Basic Version="v1.2">
    <TenPhanMem>App1Xml.xml</TenPhanMem>
    <NgayCapNhat>2016-11-23T19:40:35.2589458+07:00</NgayCapNhat>
    <Function>File .xml co ban</Function>
    <Author>Nguyen Huu Dung</Author>
  </Basic>
  <Manifest>
    <CodeSecurity>095S4G1R%-$</CodeSecurity>
    <BaseUri>ftp://31.220.16.3</BaseUri>
    <ZipFile></ZipFile>
  </Manifest>
</Information>