﻿<?xml version="1.0" encoding="utf-8" standalone="yes"?>
<?xml-stylesheet href='stenw.css' title='STENW' type='text/css'?>
<!--Comment: This is Project 1-->
<Information>
  <Basic Version="v1.0">
    <TenPhanMem>MathAdvance.exe</TenPhanMem>
    <NgayCapNhat>2016-11-24T10:20:21.6482118+07:00</NgayCapNhat>
    <Function>Tinh toan co ban voi 2 so thuc bat ky</Function>
    <Author>Nguyen Huu Dung</Author>
  </Basic>
  <Manifest>
    <CodeSecurity>095S4G1R%-$</CodeSecurity>
    <BaseUri>ftp://127.0.1.1</BaseUri>
    <ZipFile>Math.zip</ZipFile>
  </Manifest>
</Information>