﻿<?xml version="1.0" encoding="utf-8" standalone="yes"?>
<?xml-stylesheet href='stenw.css' title='STENW' type='text/css'?>
<!--Comment: This is Project 1-->
<Information>
  <Basic Version="v1.0">
    <TenPhanMem>Poem.txt</TenPhanMem>
    <NgayCapNhat>2016-11-24T11:02:51.7427882+07:00</NgayCapNhat>
    <Function>Trich doan trong bai tho "Thay" </Function>
    <Author>Nguyen Huu Dung</Author>
  </Basic>
  <Manifest>
    <CodeSecurity>f4t74ghj#$4d</CodeSecurity>
    <BaseUri>ftp://31.220.16.3</BaseUri>
    <ZipFile>Poem.zip</ZipFile>
  </Manifest>
</Information>