﻿<?xml version="1.0" encoding="utf-8" standalone="yes"?>
<?xml-stylesheet href='stenw.css' title='STENW' type='text/css'?>
<!--Comment: This is Project 1-->
<Information>
  <Basic Version="v1.5">
    <TenPhanMem>SolveEquationAdvance.exe</TenPhanMem>
    <NgayCapNhat>2016-11-24T10:49:16.5291756+07:00</NgayCapNhat>
    <Function>Giai phuong trinh bac hai a*x^2 + b*x + c = 0</Function>
    <Author>Nguyen Huu Dung</Author>
  </Basic>
  <Manifest>
    <CodeSecurity>5D8#54%_fa</CodeSecurity>
    <BaseUri>ftp://31.220.16.3</BaseUri>
    <ZipFile>SolveEquation.zip</ZipFile>
  </Manifest>
</Information>